# Staged images deleted 2026-10-03 (Coordinator: "clean up old one"). Columns: file, sha256, mtime (epoch). BOMs and records stay in stage/artifacts and each op's evidence.
op382-alpha2-pid1-premise.raw	bdce6128771caf790c94e69318e26160a881c5e2d19b7a2d7e1beb4660a7d73e	1790576500
op395-base-tests-v4.raw	d7cf45062ae8d0ed08b30e82315e2e93b5a0a827a810c5bd7f8c727ce2d27697	1790847406
op395-base-tests.raw	d108d00912a84d70133a4561ef757ca052287a3e959946e4b97c593113273928	1790846789
op395-fixed-tests-v4.raw	52cf2aba1f6e29350cc4d5bd76d785c2a4c8b8c0636863cbc2dfeb7f74c7675d	1790847565
op395-fixed-tests-v5.raw	ca61f2fa046dee5d248a3415c0fdeb21ae79a94177412dd4fe6a09d415df271b	1790848076
op395-fixed-tests.raw	8f546a930859ce537d1cb8f462dbf391171fd02c2bd004d2d10b1c8b498c7140	1790846183
op396-RMXOS-KASAN.raw	6385b61895fdb6232be1a9ac1457d1fb3d397aa379b50538c9583c870a0bbfd8	1790839148
op396-RMXOS-KCSAN.raw	35631343889d86b264e46821f387cfe869211dffa024fe92325fa39b5cfcc5e0	1790839175
op396-RMXOS-KMSAN.raw	e07e2c6e2ebbde6c4e21bc2a76735089ff7fc90dc7b96ba01333596b7065d0e4	1790839213
op396-RMXOS-KUBSAN-final.raw	76e4bba7f5a6f7fa5efd84243fb9a26f6164f396531ff1b33a8b99f3d725626e	1790839455
op396-RMXOS-KUBSAN.raw	70cf9f1b0b73c2858b83160ffa7b136630563139e199dbf3e204e34245b690a8	1790838454
op396-RMXOS-RELEASE.raw	dbeeac23beba9535045fa1df57f149d318a18404ea255e57f02293b45fc15700	1790838783
op399-alpha2-reaper-overlay.raw	efe1975256dabbc4d98dd839e7e636e83cd093060864b62e94430b677730287d	1790843084
op400-alpha2-diagnostic.raw	3ad5bff9c5b756f6a2a6fd85d198118521a1fd1a9ac3979ecafbbc81d6ea55f5	1790844780
op405-preflight-r2.raw	10c2d8aef0730e07e9c2a690e5849612d7f52491945eba6e6fd7b2cf48decaf4	1790848600
op405-preflight-r3.raw	8abd9f43c785006a7cc424ae708da7d8b39e864d09f8ba450262bccc179fffad	1790848721
op405-preflight-r4.raw	a78272e926ac266f06a8d101ae244ce71bbbcfbfde0026e4f571bb246fbbb711	1790849001
op405-preflight.raw	d01c4b5282ffc95cb87b811febdce57b6e0072aa7a7bc098ca31164a4c3da2a1	1790848247
op409-base-tests.raw	41c81b17e2f8c176cc76d423aac9b4cf4d812286d19d2d9f094f3082611c38c3	1790908859
op409-fixed-tests.raw	088c490a2d7412512fd3649d974678c4a87c6e7c5a76111e89596bbac18dfd5a	1790908992
op412-fixed-tests.raw	154d638b91480649a9e48eca186a6ad3bbfa491a9e3e52f283d73f566f04fc8d	1790910729
op416-base-tests.raw	966c12c633b65f3614ab6e61493071fc144bfb0781f3b9a2ffb33db0a500d21b	1790913836
op416-fixed-tests.raw	eb410cc771b03a7b0b09273743260e678fe927982284c895a5c731e16172e105	1790913977
op420-base-tests.raw	8f546a930859ce537d1cb8f462dbf391171fd02c2bd004d2d10b1c8b498c7140	1790929170
op420-final-base-tests.raw	010a1a393d6cc1fea8414fb0dad7fca8972b701d3c7cfcaca8b3f6689cf85a16	1790929638
op420-final-fixed-tests.raw	04055ef3728f3b63e1b262040d0d7b5103916db3987efb49242c8319a0f192ec	1790929810
op420-fixed-tests-reviewed.raw	2541e8a4c99c7cd6da7791e69273d1057e961c333904627c24805f376436d36b	1790930892
op420-fixed-tests.raw	8f546a930859ce537d1cb8f462dbf391171fd02c2bd004d2d10b1c8b498c7140	1790929206
op422-cell.raw	cba6b8ee9f40640c808587f86e8646c856b79dd57e17e6fbda6816c4d07f45f2	1790926991
op422-preflight-r2.raw	6f3281dfe6f09994aa39ca8949528fb79a55cca41e39bdedf63c37adc828bda4	1790926141
op422-preflight.raw	300a20219f22ff1dc76c88388a3e6e8a9b26ceb0d87e5772e34bd06f29c42507	1790924840
op429-cell.raw	993dc922b035b23bff8da8f094f6112636cf825658ee03a373a9cdfa8db89de1	1790942562
op429-preflight-r2.raw	1187e87ff076188bbae7b6469bdfc5f5811f6d35a9a2d5041cad1cb18581a65f	1790941916
op429-preflight-r3.raw	1c0a2b02d8396906181b8d8de28f3c6f19dec4e7a9cf914055da7794ca160549	1790942243
op429-preflight.raw	a784bf159c67ee5a8a58207aefd27af1de2708fb02b204db56537b813ee9b0d7	1790941838
op430-final-fixed-tests.raw	8f546a930859ce537d1cb8f462dbf391171fd02c2bd004d2d10b1c8b498c7140	1790945196
op430-fixed-tests.raw	8f546a930859ce537d1cb8f462dbf391171fd02c2bd004d2d10b1c8b498c7140	1790944851
op438-shutdown.raw	5a59c3229d929ac50d6fc7f97cebcceca9e8d1ad9fce687b648093a32cb2d29b	1790986138
op438-usr1-final.raw	3cb41024822a4847834b1e38e554af603a1dc6d1bef9463dbd33077844625126	1790986517
op438-usr1.raw	3edd981b566369de418ed426fafd2273306acda7d0d577dc15ad6fa45c9c3daa	1790986265
